[{"assetType":"Group","assetObject":{"name":"Administrators","id":"Administrators","status":"Success","explanation":"OK"}},{"assetType":"User","assetObject":{"name":"Administrator","id":"Administrator","status":"Success","explanation":"OK"}},{"assetType":"API","assetObject":{"name":"PetStore[1.0]","id":"ed1834f8-d0b3-464b-9636-f963be42f00b","status":"Success","explanation":"OK"}},{"assetType":"Policy","assetObject":{"name":"Policy For API ProductsDemo[1.0]","id":"c4210388-ac88-40bd-87d7-7ba7cc503766","status":"Success","explanation":"OK"}},{"assetType":"Policy","assetObject":{"name":"Transaction logging[Global Policy]","id":"GlobalLogInvocationPolicy","status":"Success","explanation":"OK"}},{"assetType":"PolicyAction","assetObject":{"name":"Policy Action [Straight Through Routing] -> Policy For API ProductsDemo[1.0]","id":"b956cff7-ce97-4dcf-a41d-ca9e688f42cb","status":"Success","explanation":"OK"}},{"assetType":"Policy","assetObject":{"name":"Policy For API lookUpService[1.0]","id":"8daecd49-000c-4d43-8116-cf9864142f80","status":"Success","explanation":"OK"}},{"assetType":"AdministratorSetting","assetObject":{"name":"HTTPListener@5555","id":"HTTPListener@5555","status":"Success","explanation":"OK"}},{"assetType":"Alias","assetObject":{"name":"AWS_Shashank","id":"c21344cb-adeb-4bf9-b89d-a453ceca7a42","status":"Success","explanation":"OK"}},{"assetType":"PolicyAction","assetObject":{"name":"Policy Action [Custom Extension] -> Policy For API ProductsDemo[1.0]","id":"63c4ffee-e5a4-4d28-b387-05958cf05685","status":"Success","explanation":"OK"}},{"assetType":"ProxyBypass","assetObject":{"name":"proxyBypass","id":"proxyBypass","status":"Success","explanation":"OK"}},{"assetType":"PolicyAction","assetObject":{"name":"Policy Action [Straight Through Routing] -> Policy For API lookUpService[1.0]","id":"84bbb085-e079-4747-b530-8d67a62661c3","status":"Success","explanation":"OK"}},{"assetType":"Team","assetObject":{"name":"Administrators","id":"Administrators","status":"Success","explanation":"OK"}},{"assetType":"PolicyAction","assetObject":{"name":"Policy Action [Conditional Error Processing] -> Policy For API ProductsDemo[1.0]","id":"f4611821-cdc8-4345-98c0-cd85e17985af","status":"Success","explanation":"OK"}},{"assetType":"PassmanData","assetObject":{"name":"SECRET_ACCESS_KEYAWS_Shashank","id":"SECRET_ACCESS_KEYAWS_Shashank","status":"Success","explanation":"OK"}},{"assetType":"PolicyAction","assetObject":{"name":"Policy Action [Outbound Authentication - Transport] -> Policy For API ProductsDemo[1.0]","id":"efd2045a-4f76-4312-8072-424de558ccc5","status":"Success","explanation":"OK"}},{"assetType":"AccessControlList","assetObject":{"name":"AccessControlList for asset : PetStore","id":"26a4f0a8-7e81-4e4a-bdc3-aad4225308e6","status":"Success","explanation":"OK"}},{"assetType":"Alias","assetObject":{"name":"OKTA","id":"OKTA","status":"Success","explanation":"OK"}},{"assetType":"Team","assetObject":{"name":"Default","id":"Default","status":"Success","explanation":"OK"}},{"assetType":"PolicyAction","assetObject":{"name":"Policy Action [Set Media Type] -> Policy For API ProductsDemo[1.0]","id":"fb616366-ff7c-4b19-835e-bcc0f23bdf62","status":"Success","explanation":"OK"}},{"assetType":"AdministratorSetting","assetObject":{"name":"cache","id":"cache","status":"Success","explanation":"OK"}},{"assetType":"PolicyAction","assetObject":{"name":"Policy Action [Enable HTTP / HTTPS] -> Policy For API lookUpService[1.0]","id":"0fd1dc88-9e8b-46d3-887d-360e79506be2","status":"Success","explanation":"OK"}},{"assetType":"Keystore","assetObject":{"name":"DEFAULT_IS_KEYSTORE","id":"DEFAULT_IS_KEYSTORE","status":"Success","explanation":"OK"}},{"assetType":"PassmanData","assetObject":{"name":"ACCESS_KEY_IDAWS_Shashank","id":"ACCESS_KEY_IDAWS_Shashank","status":"Success","explanation":"OK"}},{"assetType":"PolicyAction","assetObject":{"name":"Policy Action [Throttling Traffic Optimization] -> Policy For API ProductsDemo[1.0]","id":"2bfee2e9-6d05-4c0b-beb8-dede5dcb9b9a","status":"Success","explanation":"OK"}},{"assetType":"PolicyAction","assetObject":{"name":"Policy Action [Identify & Authorize Application] -> Policy For API ProductsDemo[1.0]","id":"541777f6-022e-40ab-870b-3b01f38e1480","status":"Success","explanation":"OK"}},{"assetType":"PassmanData","assetObject":{"name":"wm.security.keystore.DEFAULT_IS_KEYSTORE","id":"wm.security.keystore.DEFAULT_IS_KEYSTORE","status":"Success","explanation":"OK"}},{"assetType":"AdministratorSetting","assetObject":{"name":"HTTPGlobalIPAccessMode","id":"HTTPGlobalIPAccessMode","status":"Success","explanation":"OK"}},{"assetType":"PolicyAction","assetObject":{"name":"Policy Action [Identify & Authorize Application] -> Policy For API PetStore[1.0]","id":"bf48b6df-ec84-47df-9a13-57d341175c0d","status":"Success","explanation":"OK"}},{"assetType":"PolicyAction","assetObject":{"name":"Policy Action [Monitor Service Level Agreement] -> Policy For API ProductsDemo[1.0]","id":"c7d83779-eba8-4e4f-a98a-623fcb66f96b","status":"Success","explanation":"OK"}},{"assetType":"PassmanData","assetObject":{"name":"efd2045a-4f76-4312-8072-424de558ccc5password","id":"efd2045a-4f76-4312-8072-424de558ccc5password","status":"Success","explanation":"OK"}},{"assetType":"PolicyAction","assetObject":{"name":"Policy Action [Invoke webMethods IS] -> Policy For API PetStore[1.0]","id":"1a6609a4-9992-4f04-b3f7-55f23a3f53f9","status":"Success","explanation":"OK"}},{"assetType":"PolicyAction","assetObject":{"name":"Policy Action [Enable HTTP / HTTPS] -> Policy For API PetStore[1.0]","id":"3d925615-c7d4-4409-8d22-f4cfae4e5cda","status":"Success","explanation":"OK"}},{"assetType":"Group","assetObject":{"name":"Everybody","id":"Everybody","status":"Success","explanation":"OK"}},{"assetType":"AdministratorSetting","assetObject":{"name":"HTTPListener@9999","id":"HTTPListener@9999","status":"Success","explanation":"OK"}},{"assetType":"PolicyAction","assetObject":{"name":"Policy Action [Straight Through Routing] -> Policy For API PetStore[1.0]","id":"a13709f1-3e77-4b96-9b37-e579e03abc07","status":"Success","explanation":"OK"}},{"assetType":"PolicyAction","assetObject":{"name":"Policy Action [Mashup Routing] -> Policy For API ProductsDemo[1.0] Scope [sys_/products_post]","id":"4e929f5c-2553-4995-ace5-a1a694e4d770","status":"Success","explanation":"OK"}},{"assetType":"AccessControlList","assetObject":{"name":"AccessControlList for asset : ProductsDemo","id":"15be8f91-3818-4348-b854-e2699681fc6e","status":"Success","explanation":"OK"}},{"assetType":"API","assetObject":{"name":"lookUpService[1.0]","id":"fef7abce-ba10-4e49-b1aa-6ee3937eb2a8","status":"Success","explanation":"OK"}},{"assetType":"AccessControlList","assetObject":{"name":"AccessControlList for asset : lookUpService","id":"90c4c0b3-d044-4254-ae0e-bdd900329640","status":"Success","explanation":"OK"}},{"assetType":"PolicyAction","assetObject":{"name":"Policy Action [Log Invocation] -> Policy For API PetStore[1.0]","id":"dd9af042-7111-483a-b85c-ad70e74cdf34","status":"Success","explanation":"OK"}},{"assetType":"AccessControlList","assetObject":{"name":"AccessControlList for asset : ProductsApplication","id":"c07b0f08-19c8-4aa6-b996-a05830ce1aff","status":"Success","explanation":"OK"}},{"assetType":"PassmanData","assetObject":{"name":"wm.security.keystore.DEFAULT_IS_TRUSTSTORE","id":"wm.security.keystore.DEFAULT_IS_TRUSTSTORE","status":"Success","explanation":"OK"}},{"assetType":"AdministratorSetting","assetObject":{"name":"whiteListingIPs","id":"whiteListingIPs","status":"Success","explanation":"OK"}},{"assetType":"RegisteredApplication","assetObject":{"name":"RegisteredApplication [ ProductsApplication ]","id":"ab70ca3e-43ed-457f-ac06-0db4954dd31c","status":"Success","explanation":"OK"}},{"assetType":"PolicyAction","assetObject":{"name":"Policy Action [Monitor Service Performance] -> Policy For API ProductsDemo[1.0]","id":"a48c9984-0092-4ff1-9345-fd9cecf90487","status":"Success","explanation":"OK"}},{"assetType":"Alias","assetObject":{"name":"EurekaDefault","id":"EurekaDefault","status":"Success","explanation":"OK"}},{"assetType":"Alias","assetObject":{"name":"ServiceConsulDefault","id":"ServiceConsulDefault","status":"Success","explanation":"OK"}},{"assetType":"PolicyAction","assetObject":{"name":"Policy Action [Data Masking] -> Policy For API ProductsDemo[1.0]","id":"90b650ec-7510-495b-aad8-8a4eca901d24","status":"Success","explanation":"OK"}},{"assetType":"AdministratorSetting","assetObject":{"name":"logConfig","id":"logConfig","status":"Success","explanation":"OK"}},{"assetType":"PolicyAction","assetObject":{"name":"Policy Action [Request Transformation] -> Policy For API ProductsDemo[1.0]","id":"0c18a17f-aa0c-4bc1-8663-bfac554c9063","status":"Success","explanation":"OK"}},{"assetType":"Team","assetObject":{"name":"API-Gateway-Providers","id":"API-Gateway-Providers","status":"Success","explanation":"OK"}},{"assetType":"PolicyAction","assetObject":{"name":"Policy Action [Invoke webMethods IS] -> Policy For API ProductsDemo[1.0]","id":"6c0acccb-82ff-4fd0-b640-7c4381277678","status":"Success","explanation":"OK"}},{"assetType":"Policy","assetObject":{"name":"Policy For API ProductsDemo[1.0] Scope [GET method Policy For Products]","id":"7a05172a-bff9-43e5-b678-6be78213456b","status":"Success","explanation":"OK"}},{"assetType":"Policy","assetObject":{"name":"Policy For API PetStore[1.0]","id":"43a3c97c-53ab-4089-9705-cf71cdbd270a","status":"Success","explanation":"OK"}},{"assetType":"Alias","assetObject":{"name":"PingFederate","id":"PingFederate","status":"Success","explanation":"OK"}},{"assetType":"PolicyAction","assetObject":{"name":"Policy Action [Mashup Routing] -> Policy For API ProductsDemo[1.0] Scope [sys_/products_post]","id":"95953f0d-806e-4857-876c-ea94aebe1c1f","status":"Success","explanation":"OK"}},{"assetType":"PolicyAction","assetObject":{"name":"Policy Action [Service Result Cache] -> Policy For API ProductsDemo[1.0]","id":"16a26a42-d10d-47e3-940b-7bfb60b3db5b","status":"Success","explanation":"OK"}},{"assetType":"Alias","assetObject":{"name":"local","id":"local","status":"Success","explanation":"OK"}},{"assetType":"Group","assetObject":{"name":"API-Gateway-Providers","id":"API-Gateway-Providers","status":"Success","explanation":"OK"}},{"assetType":"PolicyAction","assetObject":{"name":"Policy Action [Invoke webMethods IS] -> Policy For API PetStore[1.0]","id":"d1de46f9-df5b-4122-8aeb-f6a570886268","status":"Success","explanation":"OK"}},{"assetType":"Policy","assetObject":{"name":"Policy For API ProductsDemo[1.0] Scope [sys_/products_post]","id":"426a859d-0184-48e7-9658-ed46385f9332","status":"Success","explanation":"OK"}},{"assetType":"PassmanData","assetObject":{"name":"wm.security.keystore.DEFAULT_IS_KEYSTORE.ssos","id":"wm.security.keystore.DEFAULT_IS_KEYSTORE.ssos","status":"Success","explanation":"OK"}},{"assetType":"PolicyAction","assetObject":{"name":"Policy Action [Log Invocation] -> Transaction logging","id":"GlobalLogInvocationPolicyAction","status":"Success","explanation":"OK"}},{"assetType":"AdministratorSetting","assetObject":{"name":"mobileApp","id":"mobileApp","status":"Success","explanation":"OK"}},{"assetType":"Alias","assetObject":{"name":"sample","id":"5d4a934b-4505-46cb-bdd0-23580cd7e027","status":"Success","explanation":"OK"}},{"assetType":"PolicyAction","assetObject":{"name":"Policy Action [Enable HTTP / HTTPS] -> Policy For API ProductsDemo[1.0]","id":"3a435a57-2b25-447c-b143-eab0a0f2eeb1","status":"Success","explanation":"OK"}},{"assetType":"API","assetObject":{"name":"ProductsDemo[1.0]","id":"c0690ef7-628f-4c14-913f-1e50faa741e9","status":"Success","explanation":"OK"}},{"assetType":"PolicyAction","assetObject":{"name":"Policy Action [Response Transformation] -> Policy For API ProductsDemo[1.0]","id":"7a4726a1-421c-4cd3-89be-79ef20eebbce","status":"Success","explanation":"OK"}},{"assetType":"PassmanData","assetObject":{"name":"API_ACCESS_KEYab70ca3e-43ed-457f-ac06-0db4954dd31c","id":"API_ACCESS_KEYab70ca3e-43ed-457f-ac06-0db4954dd31c","status":"Success","explanation":"OK"}},{"assetType":"PolicyAction","assetObject":{"name":"Policy Action [Log Invocation] -> Policy For API ProductsDemo[1.0]","id":"dac63432-002b-4322-9abe-36af853c88ea","status":"Success","explanation":"OK"}},{"assetType":"Group","assetObject":{"name":"API-Gateway-Administrators","id":"API-Gateway-Administrators","status":"Success","explanation":"OK"}},{"assetType":"Application","assetObject":{"name":"ProductsApplication","id":"ab70ca3e-43ed-457f-ac06-0db4954dd31c","status":"Success","explanation":"OK"}},{"assetType":"Truststore","assetObject":{"name":"DEFAULT_IS_TRUSTSTORE","id":"DEFAULT_IS_TRUSTSTORE","status":"Success","explanation":"OK"}}]