[{"assetType":"Group","assetObject":{"name":"Administrators","id":"Administrators","status":"Success","explanation":"OK"}},{"assetType":"PassmanData","assetObject":{"name":"API_ACCESS_KEYab70ca3e-43ed-457f-ac06-0db4954dd31c","id":"API_ACCESS_KEYab70ca3e-43ed-457f-ac06-0db4954dd31c","status":"Success","explanation":"OK"}},{"assetType":"PassmanData","assetObject":{"name":"SECRET_ACCESS_KEYAWS_Shashank","id":"SECRET_ACCESS_KEYAWS_Shashank","status":"Success","explanation":"OK"}},{"assetType":"PassmanData","assetObject":{"name":"wm.security.keystore.DEFAULT_IS_KEYSTORE","id":"wm.security.keystore.DEFAULT_IS_KEYSTORE","status":"Success","explanation":"OK"}},{"assetType":"Group","assetObject":{"name":"API-Gateway-Providers","id":"API-Gateway-Providers","status":"Success","explanation":"OK"}},{"assetType":"Alias","assetObject":{"name":"ServiceConsulDefault","id":"ServiceConsulDefault","status":"Success","explanation":"OK"}},{"assetType":"PassmanData","assetObject":{"name":"wm.security.keystore.DEFAULT_IS_KEYSTORE.ssos","id":"wm.security.keystore.DEFAULT_IS_KEYSTORE.ssos","status":"Success","explanation":"OK"}},{"assetType":"PolicyAction","assetObject":{"name":"Policy Action [Identify & Authorize Application] -> Policy For API PetStore[1.0]","id":"bf48b6df-ec84-47df-9a13-57d341175c0d","status":"Success","explanation":"OK"}},{"assetType":"Group","assetObject":{"name":"Everybody","id":"Everybody","status":"Success","explanation":"OK"}},{"assetType":"AdministratorSetting","assetObject":{"name":"whiteListingIPs","id":"whiteListingIPs","status":"Success","explanation":"OK"}},{"assetType":"PolicyAction","assetObject":{"name":"Invoke webMethods IS","id":"1a6609a4-9992-4f04-b3f7-55f23a3f53f9","status":"Success","explanation":"OK"}},{"assetType":"Policy","assetObject":{"name":"Policy For API PetStore[1.0]","id":"43a3c97c-53ab-4089-9705-cf71cdbd270a","status":"Success","explanation":"OK"}},{"assetType":"AdministratorSetting","assetObject":{"name":"HTTPGlobalIPAccessMode","id":"HTTPGlobalIPAccessMode","status":"Success","explanation":"OK"}},{"assetType":"PolicyAction","assetObject":{"name":"Invoke webMethods IS","id":"d1de46f9-df5b-4122-8aeb-f6a570886268","status":"Success","explanation":"OK"}},{"assetType":"PassmanData","assetObject":{"name":"ACCESS_KEY_IDAWS_Shashank","id":"ACCESS_KEY_IDAWS_Shashank","status":"Success","explanation":"OK"}},{"assetType":"AdministratorSetting","assetObject":{"name":"mobileApp","id":"mobileApp","status":"Success","explanation":"OK"}},{"assetType":"API","assetObject":{"name":"PetStore[1.0]","id":"ed1834f8-d0b3-464b-9636-f963be42f00b","status":"Success","explanation":"OK"}},{"assetType":"Policy","assetObject":{"name":"Transaction logging[Global Policy]","id":"GlobalLogInvocationPolicy","status":"Success","explanation":"OK"}},{"assetType":"Application","assetObject":{"name":"ProductsApplication","id":"ab70ca3e-43ed-457f-ac06-0db4954dd31c","status":"Success","explanation":"OK"}},{"assetType":"Alias","assetObject":{"name":"OKTA","id":"OKTA","status":"Success","explanation":"OK"}},{"assetType":"User","assetObject":{"name":"Administrator","id":"Administrator","status":"Success","explanation":"OK"}},{"assetType":"PolicyAction","assetObject":{"name":"Policy Action [Log Invocation] -> Transaction logging","id":"GlobalLogInvocationPolicyAction","status":"Success","explanation":"OK"}},{"assetType":"AccessControlList","assetObject":{"name":"AccessControlList for asset : PetStore","id":"26a4f0a8-7e81-4e4a-bdc3-aad4225308e6","status":"Success","explanation":"OK"}},{"assetType":"RegisteredApplication","assetObject":{"name":"RegisteredApplication [ ProductsApplication ]","id":"ab70ca3e-43ed-457f-ac06-0db4954dd31c","status":"Success","explanation":"OK"}},{"assetType":"Alias","assetObject":{"name":"local","id":"local","status":"Success","explanation":"OK"}},{"assetType":"Group","assetObject":{"name":"API-Gateway-Administrators","id":"API-Gateway-Administrators","status":"Success","explanation":"OK"}},{"assetType":"Team","assetObject":{"name":"Default","id":"Default","status":"Success","explanation":"OK"}},{"assetType":"Alias","assetObject":{"name":"EurekaDefault","id":"EurekaDefault","status":"Success","explanation":"OK"}},{"assetType":"Team","assetObject":{"name":"Administrators","id":"Administrators","status":"Success","explanation":"OK"}},{"assetType":"PolicyAction","assetObject":{"name":"Policy Action [Straight Through Routing] -> Policy For API PetStore[1.0]","id":"a13709f1-3e77-4b96-9b37-e579e03abc07","status":"Success","explanation":"OK"}},{"assetType":"AdministratorSetting","assetObject":{"name":"HTTPListener@5555","id":"HTTPListener@5555","status":"Success","explanation":"OK"}},{"assetType":"ProxyBypass","assetObject":{"name":"proxyBypass","id":"proxyBypass","status":"Success","explanation":"OK"}},{"assetType":"PolicyAction","assetObject":{"name":"Policy Action [Log Invocation] -> Policy For API PetStore[1.0]","id":"dd9af042-7111-483a-b85c-ad70e74cdf34","status":"Success","explanation":"OK"}},{"assetType":"AdministratorSetting","assetObject":{"name":"HTTPListener@9999","id":"HTTPListener@9999","status":"Success","explanation":"OK"}},{"assetType":"Truststore","assetObject":{"name":"DEFAULT_IS_TRUSTSTORE","id":"DEFAULT_IS_TRUSTSTORE","status":"Success","explanation":"OK"}},{"assetType":"AdministratorSetting","assetObject":{"name":"cache","id":"cache","status":"Success","explanation":"OK"}},{"assetType":"AccessControlList","assetObject":{"name":"AccessControlList for asset : ProductsApplication","id":"c07b0f08-19c8-4aa6-b996-a05830ce1aff","status":"Success","explanation":"OK"}},{"assetType":"PassmanData","assetObject":{"name":"wm.security.keystore.DEFAULT_IS_TRUSTSTORE","id":"wm.security.keystore.DEFAULT_IS_TRUSTSTORE","status":"Success","explanation":"OK"}},{"assetType":"Team","assetObject":{"name":"API-Gateway-Providers","id":"API-Gateway-Providers","status":"Success","explanation":"OK"}},{"assetType":"Keystore","assetObject":{"name":"DEFAULT_IS_KEYSTORE","id":"DEFAULT_IS_KEYSTORE","status":"Success","explanation":"OK"}},{"assetType":"AdministratorSetting","assetObject":{"name":"logConfig","id":"logConfig","status":"Success","explanation":"OK"}},{"assetType":"PolicyAction","assetObject":{"name":"Custom Extension","id":"63c4ffee-e5a4-4d28-b387-05958cf05685","status":"Success","explanation":"OK"}},{"assetType":"Alias","assetObject":{"name":"AWS_Shashank","id":"c21344cb-adeb-4bf9-b89d-a453ceca7a42","status":"Success","explanation":"OK"}},{"assetType":"Alias","assetObject":{"name":"PingFederate","id":"PingFederate","status":"Success","explanation":"OK"}},{"assetType":"PolicyAction","assetObject":{"name":"Policy Action [Enable HTTP / HTTPS] -> Policy For API PetStore[1.0]","id":"3d925615-c7d4-4409-8d22-f4cfae4e5cda","status":"Success","explanation":"OK"}}]